{"cameraMode":{"drawMode":0,"name":"Shaded","section":"Shading Mode"},"sceneLighting":true,"audioPlay":false,"sceneViewState":{"m_AlwaysRefresh":false,"showFog":true,"showSkybox":true,"showFlares":true,"showImageEffects":true,"showParticleSystems":true,"showVisualEffectGraphs":true,"m_FxEnabled":true},"in2DMode":false,"pivot":{"x":0.15029123425483704,"y":0.2746182084083557,"z":0.006949663162231445},"rotation":{"x":0.0224944818764925,"y":0.01799446903169155,"z":-0.00040494275162927806,"w":0.9995856881141663},"size":0.7737200856208801,"orthographic":false}